{
  "IcoMoonType": "selection",
  "icons": [
    {
      "icon": {
        "paths": [
          "M0 0h1024v1024h-1024z",
          "M-36864-142528h76096c848.309 0 1536 687.691 1536 1536v150272c0 848.309-687.691 1536-1536 1536h-76096c-848.309 0-1536-687.691-1536-1536v-150272c0-848.309 687.691-1536 1536-1536z",
          "M128 32h768c53.019 0 96 42.981 96 96v768c0 53.019-42.981 96-96 96h-768c-53.019 0-96-42.981-96-96v-768c0-53.019 42.981-96 96-96z",
          "M732.544 272.32c10.543-10.195 24.925-16.477 40.774-16.477 32.108 0 58.193 25.784 58.681 57.776l0.001 0.046c0.012 0.452 0.019 0.983 0.019 1.517 0 15.439-5.891 29.503-15.548 40.065l0.041-0.045-313.216 393.856c-10.799 11.64-26.179 18.9-43.254 18.9-7.913 0-15.461-1.559-22.355-4.387l0.393 0.143c-7.632-3.153-14.143-7.569-19.58-13.052l-0.004-0.004-207.744-208.832c-11.586-10.835-18.807-26.214-18.807-43.279 0-8.023 1.596-15.673 4.487-22.65l-0.144 0.393c9.023-21.879 30.186-36.997 54.879-36.997 0.282 0 0.563 0.002 0.844 0.006l-0.042-0c16.605 0.31 31.477 7.477 41.949 18.778l0.035 0.038 164.416 165.248 272.64-349.312c0.516-0.626 1.040-1.19 1.593-1.722l-0.057-0.006z",
          "M128 32h768c53.019 0 96 42.981 96 96v768c0 53.019-42.981 96-96 96h-768c-53.019 0-96-42.981-96-96v-768c0-53.019 42.981-96 96-96z",
          "M-960-3488h2816c159.058 0 288 128.942 288 288v5120c0 159.058-128.942 288-288 288h-2816c-159.058 0-288-128.942-288-288v-5120c0-159.058 128.942-288 288-288z"
        ],
        "attrs": [
          {
            "fill": "rgb(229, 229, 229)"
          },
          {
            "fill": "rgb(255, 255, 255)"
          },
          {
            "fill": "rgb(64, 75, 191)"
          },
          {
            "fill": "rgb(244, 244, 253)"
          },
          {
            "fill": "none",
            "stroke": "rgb(64, 75, 191)",
            "strokeLinejoin": "miter",
            "strokeLinecap": "butt",
            "strokeMiterlimit": "4",
            "strokeWidth": 64
          },
          {
            "fill": "none",
            "stroke": "rgb(151, 71, 255)",
            "strokeLinejoin": "miter",
            "strokeLinecap": "butt",
            "strokeMiterlimit": "4",
            "strokeWidth": 64
          }
        ],
        "grid": 0,
        "tags": [
          "check"
        ],
        "isMulticolor": true,
        "isMulticolor2": true,
        "colorPermutations": {
          "15171255122922922912442442531255255255164751911": [
            {
              "f": 2
            },
            {
              "f": 4
            },
            {
              "f": 0
            },
            {
              "f": 3
            },
            {
              "s": 0
            },
            {
              "s": 1
            }
          ]
        }
      },
      "attrs": [
        {
          "fill": "rgb(229, 229, 229)"
        },
        {
          "fill": "rgb(255, 255, 255)"
        },
        {
          "fill": "rgb(64, 75, 191)"
        },
        {
          "fill": "rgb(244, 244, 253)"
        },
        {
          "fill": "none",
          "stroke": "rgb(64, 75, 191)",
          "strokeLinejoin": "miter",
          "strokeLinecap": "butt",
          "strokeMiterlimit": "4",
          "strokeWidth": 64
        },
        {
          "fill": "none",
          "stroke": "rgb(151, 71, 255)",
          "strokeLinejoin": "miter",
          "strokeLinecap": "butt",
          "strokeMiterlimit": "4",
          "strokeWidth": 64
        }
      ],
      "properties": {
        "order": 50,
        "id": 0,
        "name": "check",
        "prevSize": 32
      },
      "setIdx": 0,
      "setId": 4,
      "iconIdx": 0
    }
  ],
  "height": 1024,
  "preferences": {
    "showGlyphs": true,
    "showQuickUse": true,
    "showQuickUse2": true,
    "showSVGs": true,
    "fontPref": {
      "prefix": "icon-",
      "metadata": {
        "fontFamily": "icomoon"
      },
      "metrics": {
        "emSize": 1024,
        "baseline": 6.25,
        "whitespace": 50
      },
      "embed": false
    },
    "imagePref": {
      "prefix": "icon-",
      "png": true,
      "useClassSelector": true,
      "color": 0,
      "bgColor": 16777215,
      "classSelector": ".icon",
      "name": "icomoon",
      "height": 32,
      "columns": 16,
      "margin": 16
    },
    "historySize": 50,
    "showCodes": true,
    "gridSize": 16
  }
}